run,mexican_concentration,cos_fatigue,texian_casualties,mexican_casualties,mexican_captured,cos_remaining,battle_duration_minutes,texian_side_morale,mexican_side_morale,texian_win
1,90,70,840.0,317.0,0.0,446.0,31.9,91.5413560350112,80.53761645925209,False
2,90,70,837.0,145.0,5.0,486.0,22.3,79.70592568681255,82.93909422845734,False
3,90,70,839.0,131.0,3.0,457.0,22.4,77.04081678498041,82.36839733276027,False
1,40,90,173.0,657.0,544.0,48.0,25.2,94.91180578900092,0.0,True
2,40,90,292.0,700.0,501.0,48.0,25.7,96.01510676486288,0.0,True
3,40,90,285.0,700.0,502.0,47.0,25.9,96.38945534472376,0.0,True
1,50,80,351.0,729.0,472.0,47.0,26.0,95.94708487334816,0.0,True
2,50,80,345.0,709.0,492.0,49.0,24.9,95.6920687111572,0.0,True
3,50,80,419.0,746.0,456.0,44.0,27.3,96.02616319570473,0.0,True
1,100,90,840.0,92.0,0.0,462.0,21.6,74.99925055377669,75.37039346327015,False
2,100,90,838.0,226.0,0.0,458.0,28.2,95.76204108473938,76.02633546675979,False
3,100,90,841.0,275.0,0.0,384.0,24.4,81.27446984651552,71.10285690486232,False
1,80,60,840.0,354.0,14.0,456.0,33.8,90.32400129126384,83.26296649317082,False
2,80,60,839.0,190.0,2.0,476.0,22.7,74.18102301561716,77.81599074547181,False
3,80,60,839.0,202.0,7.0,463.0,22.4,74.78955003497018,81.63801605016555,False
1,100,100,848.0,307.0,19.0,401.0,23.3,80.13795622736075,60.540163951369294,False
2,100,100,839.0,201.0,12.0,391.0,22.6,79.56089490515842,66.53569379365642,False
3,100,100,837.0,236.0,10.0,398.0,22.0,80.27720319821518,64.72481379512313,False
1,70,30,836.0,382.0,36.0,441.0,29.5,91.17275012100524,90.72487555987844,False
2,70,30,838.0,493.0,29.0,455.0,30.1,96.88434832958076,92.37538865020775,False
3,70,30,836.0,464.0,24.0,470.0,28.6,80.61091668151313,90.77756051969382,False
1,40,50,303.0,795.0,406.0,49.0,26.4,96.62822905811352,0.0,True
2,40,50,434.0,851.0,351.0,45.0,27.6,97.700006033949,0.0,True
3,40,50,429.0,810.0,391.0,42.0,28.1,95.3581932980693,0.0,True
1,0,30,1.0,398.0,803.0,42.0,22.0,89.43236681167218,0.0,True
2,0,30,7.0,436.0,765.0,41.0,21.2,89.06380333559785,0.0,True
3,0,30,2.0,364.0,838.0,40.0,22.7,90.47789000781832,0.0,True
1,30,10,458.0,925.0,276.0,41.0,25.3,91.1205986270472,0.7675650012079142,True
2,30,10,422.0,975.0,227.0,45.0,24.8,94.11786705558724,0.0,True
3,30,10,387.0,964.0,237.0,44.0,25.2,92.35333024849932,0.0,True
1,100,50,838.0,149.0,0.0,493.0,22.5,75.07261129014996,94.03089122123322,False
2,100,50,841.0,152.0,0.0,498.0,22.0,78.56275391474011,94.2029080656996,False
3,100,50,838.0,65.0,0.0,496.0,21.5,76.39397209354789,93.75575822283542,False
1,50,40,616.0,978.0,223.0,48.0,32.3,98.01316895360137,0.0,True
2,50,40,565.0,973.0,228.0,49.0,29.1,97.41648171006533,0.0,True
3,50,40,713.0,970.0,231.0,40.0,31.8,96.62205850754806,5.523125397844824,True
1,60,0,838.0,535.0,33.0,401.0,30.0,84.35112617154326,93.40731627083711,False
2,60,0,844.0,598.0,45.0,397.0,29.3,92.86604206655944,95.65821829984765,False
3,60,0,928.0,903.0,70.0,193.0,0.0,53.36746023549414,85.12533975347586,False
1,10,60,41.0,462.0,740.0,39.0,23.0,91.9631380514095,0.0,True
2,10,60,20.0,390.0,813.0,40.0,22.2,90.53363532161836,0.0,True
3,10,60,10.0,384.0,817.0,43.0,21.4,90.19301694634258,0.0,True
1,60,20,914.0,1111.0,92.0,44.0,48.3,91.21514081146483,26.29948734469784,True
2,60,20,771.0,1090.0,114.0,39.0,43.8,99.42547413999672,15.007518775908938,True
3,60,20,836.0,703.0,64.0,322.0,42.4,86.79734507454104,86.09724944056732,False
1,60,30,837.0,608.0,49.0,358.0,29.4,86.26564595064293,79.78837571270483,False
2,60,30,837.0,584.0,20.0,416.0,33.7,97.14259582206869,80.80495724274843,False
3,60,30,837.0,579.0,47.0,411.0,28.5,89.93740483836397,85.77242597736925,False
1,10,70,26.0,483.0,718.0,40.0,22.8,91.56915617115848,0.0,True
2,10,70,28.0,449.0,752.0,41.0,22.8,90.2863265521212,0.0,True
3,10,70,26.0,484.0,719.0,44.0,22.6,92.08387233295842,0.0,True
1,20,10,163.0,813.0,389.0,39.0,21.3,93.18016525644911,0.0,True
2,20,10,176.0,818.0,383.0,37.0,22.0,92.55979372601251,0.0,True
3,20,10,226.0,879.0,323.0,43.0,22.2,91.9548250088077,0.0,True
1,50,50,505.0,906.0,296.0,45.0,28.2,96.4556369803589,0.0,True
2,50,50,559.0,924.0,277.0,47.0,30.4,98.54729260285396,0.0,True
3,50,50,524.0,925.0,279.0,46.0,29.0,97.50457528903556,0.0,True
1,100,40,844.0,78.0,0.0,496.0,22.0,74.40086191070678,94.59751070239956,False
2,100,40,842.0,105.0,0.0,500.0,21.9,74.81029775467054,96.24476349144092,False
3,100,40,836.0,86.0,0.0,500.0,21.9,79.87925961553479,96.12790910990836,False
1,80,0,838.0,356.0,8.0,488.0,28.5,86.77215357057486,98.6066661797088,False
2,80,0,838.0,151.0,3.0,491.0,21.7,75.2564825895124,94.48713859046453,False
3,80,0,836.0,448.0,2.0,486.0,30.6,93.53381591850447,98.63635555243135,False
1,0,20,4.0,418.0,784.0,40.0,20.8,90.00201398404099,0.0,True
2,0,20,2.0,468.0,734.0,35.0,20.4,88.48409657645144,0.0,True
3,0,20,2.0,458.0,743.0,41.0,21.4,89.23732522008423,0.0,True
1,40,40,418.0,855.0,346.0,44.0,26.5,94.428102548146,0.0,True
2,40,40,456.0,900.0,301.0,49.0,27.4,96.33253153588424,0.0,True
3,40,40,422.0,901.0,301.0,46.0,26.7,97.7129279970732,0.0,True
1,70,20,836.0,524.0,31.0,447.0,35.8,87.96537816489852,94.78075454676748,False
2,70,20,836.0,460.0,37.0,451.0,36.8,87.02570515551315,93.65973926762555,False
3,70,20,836.0,557.0,8.0,441.0,33.9,96.28474074475967,92.64355619827244,False
1,40,0,614.0,963.0,241.0,41.0,31.6,95.30922259925252,40.0462686548504,True
2,40,0,557.0,1029.0,173.0,38.0,28.9,94.14182708728111,16.561550107477657,True
3,40,0,604.0,1002.0,201.0,27.0,29.0,92.51774289003622,21.71911275931634,True
1,10,100,36.0,487.0,714.0,44.0,21.1,89.43865799673029,0.0,True
2,10,100,32.0,473.0,728.0,48.0,20.4,89.54781784818043,0.0,True
3,10,100,33.0,454.0,747.0,47.0,20.8,88.47341469152526,0.0,True
1,100,80,836.0,88.0,0.0,471.0,21.2,77.70996534390558,82.11308520389376,False
2,100,80,837.0,173.0,0.0,485.0,26.0,88.2598719905531,83.78483061453217,False
3,100,80,841.0,171.0,0.0,462.0,21.3,73.2643396615672,81.98067751263264,False
1,80,70,836.0,412.0,0.0,386.0,29.8,95.92792381431867,71.52342330990562,False
2,80,70,837.0,241.0,2.0,380.0,22.7,72.04992320538688,72.84299844818294,False
3,80,70,836.0,267.0,2.0,383.0,22.0,75.63424211865096,70.70918056913409,False
1,50,90,300.0,744.0,457.0,49.0,26.5,96.6172521339968,0.0,True
2,50,90,336.0,696.0,505.0,47.0,25.2,95.38493971594116,0.0,True
3,50,90,308.0,728.0,473.0,49.0,25.5,96.82749996185922,0.0,True
1,40,80,103.0,614.0,587.0,47.0,23.5,91.93812815299312,0.0,True
2,40,80,256.0,687.0,515.0,47.0,25.2,94.76276775915171,0.0,True
3,40,80,286.0,679.0,522.0,48.0,25.3,95.41831541562198,0.0,True
1,90,60,838.0,100.0,0.0,485.0,22.0,75.98217936989774,88.40350922494748,False
2,90,60,841.0,123.0,2.0,476.0,23.5,81.87575786958573,89.06708047431177,False
3,90,60,836.0,261.0,4.0,481.0,28.0,84.18501955273071,90.55550519202264,False
1,70,50,846.0,257.0,18.0,431.0,23.1,73.01850626527151,78.27888172965558,False
2,70,50,844.0,986.0,218.0,10.0,37.0,95.54056124796992,3.025079210535332,True
3,70,50,838.0,510.0,9.0,445.0,28.7,96.66413353119648,76.09768106610765,False
1,40,30,520.0,979.0,222.0,49.0,27.2,95.05368564327652,0.0,True
2,40,30,429.0,949.0,255.0,46.0,27.3,97.74116044390182,0.0,True
3,40,30,376.0,860.0,345.0,36.0,25.6,94.66629940650584,2.2328862078262595,True
1,0,50,0.0,397.0,805.0,47.0,19.9,85.77404983254493,0.0,True
2,0,50,1.0,367.0,834.0,44.0,19.6,86.86211326711492,0.0,True
3,0,50,1.0,386.0,815.0,43.0,19.8,87.21196710402292,0.0,True
1,30,70,259.0,689.0,513.0,48.0,25.1,97.88955510264309,0.0,True
2,30,70,70.0,576.0,626.0,47.0,23.8,93.02332272054365,0.0,True
3,30,70,138.0,623.0,580.0,45.0,23.1,93.89785765815432,0.0,True
1,100,30,846.0,75.0,0.0,494.0,21.6,76.87595653474057,96.95040976545036,False
2,100,30,836.0,179.0,0.0,498.0,31.2,92.04014974836277,98.412280270908,False
3,100,30,844.0,85.0,0.0,498.0,22.3,84.18141110259373,96.78708414676132,False
1,50,20,746.0,1034.0,169.0,41.0,36.7,97.07818733652498,16.644255319148968,True
2,50,20,720.0,1046.0,161.0,40.0,32.3,95.09482626751355,8.775728161484645,True
3,50,20,812.0,1091.0,112.0,32.0,45.8,99.68716745206343,0.0,True
1,20,60,36.0,522.0,679.0,44.0,23.1,92.01657173889248,0.0,True
2,20,60,102.0,550.0,652.0,42.0,23.8,93.30523940480914,0.0,True
3,20,60,80.0,516.0,685.0,42.0,23.0,91.13984095896076,0.0,True
1,60,40,837.0,677.0,48.0,301.0,38.2,93.36371619160496,68.90781665153479,False
2,60,40,755.0,1019.0,183.0,39.0,32.4,92.39308162418192,8.869858302048966,True
3,60,40,836.0,317.0,22.0,439.0,23.0,71.82501873134956,68.94565593352476,False
1,70,100,685.0,702.0,500.0,38.0,31.0,99.96568,0.0,True
2,70,100,498.0,765.0,436.0,49.0,27.8,98.65602387629912,0.0,True
3,70,100,588.0,754.0,447.0,49.0,28.4,98.40023325924632,0.0,True
1,60,100,460.0,749.0,454.0,47.0,27.1,96.66693068199142,0.0,True
2,60,100,395.0,746.0,455.0,49.0,26.9,98.38089987889369,0.0,True
3,60,100,402.0,731.0,472.0,47.0,26.4,98.07921012499035,0.0,True
1,70,90,639.0,775.0,426.0,49.0,28.5,98.07082684045704,0.0,True
2,70,90,449.0,791.0,410.0,49.0,28.2,98.67195005181298,0.0,True
3,70,90,504.0,795.0,407.0,48.0,28.7,97.83609978804844,0.0,True
1,0,90,3.0,394.0,807.0,43.0,20.2,87.5383575056267,0.0,True
2,0,90,2.0,363.0,839.0,43.0,19.9,85.83762547721967,0.0,True
3,0,90,0.0,375.0,826.0,46.0,20.2,86.86549903412192,0.0,True
1,90,10,845.0,121.0,0.0,492.0,22.1,78.20757968661277,96.01933117412052,False
2,90,10,841.0,103.0,1.0,496.0,21.8,73.63539044819771,96.607805478634,False
3,90,10,840.0,264.0,0.0,483.0,27.4,85.95201997904542,99.00088916092322,False
1,60,80,474.0,810.0,391.0,49.0,27.6,98.19295849078576,0.0,True
2,60,80,469.0,795.0,407.0,48.0,28.2,98.1889923008774,0.0,True
3,60,80,384.0,790.0,412.0,48.0,27.1,98.1071742445168,0.0,True
1,60,90,570.0,760.0,441.0,49.0,26.8,94.7094256851098,0.0,True
2,60,90,515.0,766.0,436.0,48.0,27.9,98.46423713492504,0.0,True
3,60,90,422.0,759.0,442.0,48.0,27.8,97.42206387993474,0.0,True
1,80,10,836.0,174.0,7.0,483.0,22.1,75.5718168394368,95.0425538449214,False
2,80,10,840.0,192.0,6.0,490.0,22.0,74.28449035463198,94.21198989889008,False
3,80,10,836.0,251.0,5.0,492.0,22.7,70.85689581430393,96.82573313327168,False
1,0,80,7.0,359.0,842.0,44.0,20.1,87.87899521097806,0.0,True
2,0,80,1.0,391.0,810.0,40.0,20.4,87.93187479483112,0.0,True
3,0,80,2.0,399.0,802.0,46.0,20.6,86.62418951459462,0.0,True
1,70,80,652.0,815.0,388.0,47.0,33.0,99.02558194066796,0.0,True
2,70,80,724.0,874.0,327.0,49.0,29.8,99.25501953374676,0.0,True
3,70,80,540.0,850.0,351.0,49.0,28.6,97.83179635932576,0.0,True
1,60,50,836.0,633.0,68.0,289.0,34.5,93.49600818774152,65.47271242138872,False
2,60,50,819.0,952.0,249.0,32.0,34.7,95.70791623979753,2.902277571549509,True
3,60,50,742.0,1000.0,202.0,48.0,31.3,97.478777863047,0.7710959797480529,True
1,10,10,89.0,694.0,508.0,43.0,21.3,91.39611985745933,0.0,True
2,10,10,79.0,609.0,594.0,39.0,22.0,91.66142026631252,0.0,True
3,10,10,81.0,661.0,541.0,37.0,22.1,92.88463834437896,0.0,True
1,20,0,466.0,962.0,239.0,33.0,23.2,94.72969106946552,0.0,True
2,20,0,200.0,910.0,292.0,39.0,20.8,91.9943188242863,0.0,True
3,20,0,176.0,900.0,301.0,42.0,20.9,92.08759508158364,0.0,True
1,20,70,127.0,574.0,627.0,47.0,23.5,92.69582007082084,0.0,True
2,20,70,67.0,531.0,671.0,46.0,22.3,92.3283560122062,0.0,True
3,20,70,113.0,565.0,636.0,43.0,22.5,93.79464079915677,0.0,True
1,50,30,705.0,1026.0,180.0,44.0,32.2,98.11667763156623,9.772734786562692,True
2,50,30,835.0,924.0,278.0,36.0,40.8,92.97647263461111,3.094687500000235,True
3,50,30,677.0,1046.0,155.0,45.0,29.1,95.49810062766112,0.0,True
1,100,20,844.0,104.0,0.0,499.0,22.1,75.65064334502073,97.59150692936524,False
2,100,20,843.0,57.0,0.0,499.0,21.9,75.82526045264666,98.0563665599924,False
3,100,20,844.0,56.0,0.0,492.0,21.7,77.1379948080171,97.5909719694214,False
1,30,60,275.0,700.0,501.0,46.0,25.9,96.6031647046047,0.0,True
2,30,60,124.0,681.0,520.0,49.0,24.0,93.75399669258393,0.0,True
3,30,60,237.0,672.0,531.0,47.0,26.6,96.05811941749052,0.0,True
1,0,40,14.0,465.0,737.0,45.0,20.8,88.2777647211933,0.0,True
2,0,40,2.0,403.0,798.0,47.0,19.6,85.7139242766449,0.0,True
3,0,40,1.0,417.0,784.0,45.0,19.8,86.6858184469127,0.0,True
1,40,20,451.0,964.0,237.0,48.0,28.8,95.9036205344154,0.0,True
2,40,20,680.0,1006.0,195.0,43.0,32.3,95.81591438895298,4.959996089487849,True
3,40,20,682.0,928.0,275.0,35.0,32.8,96.18368940864548,9.822054372088443,True
1,70,40,836.0,495.0,40.0,389.0,31.8,89.83417064613498,85.85536038644925,False
2,70,40,838.0,532.0,30.0,451.0,28.2,92.01731526438763,85.1757579915006,False
3,70,40,836.0,291.0,35.0,407.0,24.0,79.15298098073967,82.5434219737549,False
1,30,100,295.0,667.0,535.0,47.0,25.3,95.62589524483268,0.0,True
2,30,100,192.0,628.0,576.0,45.0,24.5,94.68969498542664,0.0,True
3,30,100,152.0,632.0,571.0,46.0,24.2,94.77102785052143,0.0,True
1,20,100,22.0,572.0,629.0,48.0,21.8,91.71585233493607,0.0,True
2,20,100,50.0,526.0,675.0,47.0,22.7,92.50595611206076,0.0,True
3,20,100,125.0,570.0,631.0,46.0,23.1,93.49875768220168,0.0,True
1,60,60,547.0,904.0,297.0,44.0,28.9,96.62536088945508,0.0,True
2,60,60,789.0,904.0,297.0,35.0,32.8,98.25738974716,3.824083311164177,True
3,60,60,703.0,911.0,297.0,14.0,34.9,98.52479907868414,46.90405297492567,True
1,10,20,64.0,625.0,576.0,46.0,22.4,92.23293883954638,0.0,True
2,10,20,68.0,588.0,613.0,43.0,21.6,90.5528852305687,0.0,True
3,10,20,125.0,719.0,485.0,38.0,23.1,94.4888348456587,0.0,True
1,70,0,836.0,344.0,29.0,477.0,28.4,87.15397708041432,97.58396655813006,False
2,70,0,839.0,221.0,31.0,486.0,23.1,72.06706248493023,92.18224576864458,False
3,70,0,836.0,341.0,13.0,469.0,26.9,90.47599522750563,95.74657814064956,False
1,20,40,149.0,677.0,524.0,46.0,22.4,94.302628080416,0.0,True
2,20,40,128.0,636.0,565.0,47.0,23.7,92.55863066082853,0.0,True
3,20,40,114.0,635.0,566.0,45.0,23.1,93.50453199659174,0.0,True
1,100,10,838.0,195.0,0.0,499.0,22.2,77.38867707980704,99.22276437034682,False
2,100,10,836.0,194.0,0.0,497.0,30.5,95.39190071776515,99.28892986096676,False
3,100,10,838.0,105.0,0.0,498.0,21.8,76.16469163034387,98.2667948838163,False
1,30,50,63.0,669.0,533.0,46.0,22.5,93.64059449241324,0.0,True
2,30,50,211.0,696.0,505.0,43.0,24.7,93.22922522305404,0.0,True
3,30,50,159.0,696.0,505.0,47.0,24.4,94.03110917516972,0.0,True
1,0,70,3.0,397.0,806.0,42.0,20.2,87.63395713087804,0.0,True
2,0,70,0.0,344.0,857.0,43.0,19.7,87.16079719203499,0.0,True
3,0,70,0.0,418.0,783.0,46.0,19.0,86.66856102709849,0.0,True
1,40,10,675.0,1043.0,167.0,25.0,34.3,97.3575034720989,1.7052971843835958,True
2,40,10,634.0,982.0,223.0,43.0,32.6,96.83173137623632,19.00567953507092,True
3,40,10,698.0,1018.0,183.0,28.0,31.2,96.3602356788596,20.079168322264923,True
1,70,70,742.0,949.0,253.0,46.0,30.0,96.96649826206662,0.0,True
2,70,70,633.0,909.0,292.0,48.0,29.7,97.80924404599706,0.0,True
3,70,70,764.0,859.0,344.0,25.0,34.0,99.61242063608516,23.119237966400668,True
1,20,80,68.0,517.0,684.0,43.0,23.1,93.66217396956304,0.0,True
2,20,80,23.0,523.0,678.0,45.0,22.0,92.515290541755,0.0,True
3,20,80,100.0,570.0,632.0,47.0,22.5,92.76449848178218,0.0,True
1,90,100,841.0,427.0,4.0,423.0,22.7,78.87106908732692,46.6769012092948,False
2,90,100,836.0,533.0,22.0,421.0,28.4,96.70167721064767,40.77067840328095,False
3,90,100,839.0,528.0,21.0,428.0,23.5,85.20076419246875,36.98849444520101,False
1,80,100,819.0,734.0,467.0,22.0,36.8,99.1403595772013,0.6755102040816184,True
2,80,100,836.0,798.0,403.0,49.0,37.3,99.96303030303032,0.0,True
3,80,100,814.0,767.0,434.0,36.0,41.6,100.0,0.0,True
1,80,20,841.0,125.0,3.0,492.0,21.6,75.00850183406236,93.0439523116522,False
2,80,20,839.0,149.0,2.0,481.0,22.2,75.7091276074006,89.77254697075007,False
3,80,20,838.0,274.0,11.0,493.0,25.7,87.57268578684447,94.18115810661207,False
1,30,90,178.0,615.0,587.0,47.0,23.9,94.21005566640385,0.0,True
2,30,90,205.0,649.0,553.0,47.0,24.3,96.31112469013424,0.0,True
3,30,90,74.0,590.0,611.0,49.0,23.8,92.0010835253063,0.0,True
1,90,30,841.0,119.0,3.0,473.0,23.4,82.28679279156924,95.5932261052342,False
2,90,30,839.0,303.0,2.0,497.0,25.4,86.88960577387923,97.18146542544982,False
3,90,30,838.0,345.0,2.0,489.0,26.8,91.78762377131731,97.34947696573546,False
1,90,20,836.0,120.0,5.0,491.0,22.2,75.0306880481965,97.171570808283,False
2,90,20,838.0,300.0,2.0,495.0,26.7,93.34227965058902,98.7261403920093,False
3,90,20,840.0,157.0,1.0,478.0,22.0,74.47533121025472,95.91685249813168,False
1,30,80,72.0,580.0,621.0,47.0,23.4,92.73473161663,0.0,True
2,30,80,186.0,671.0,531.0,47.0,24.1,96.28581107937232,0.0,True
3,30,80,204.0,600.0,601.0,46.0,23.8,95.68507298455894,0.0,True
1,0,0,16.0,542.0,659.0,35.0,20.7,89.65735436093793,0.0,True
2,0,0,20.0,615.0,586.0,34.0,20.1,88.14026424425734,0.0,True
3,0,0,14.0,489.0,713.0,32.0,21.2,89.4028194617136,0.0,True
1,80,30,844.0,203.0,1.0,483.0,23.0,76.07275030820168,89.7738123826535,False
2,80,30,839.0,128.0,2.0,476.0,22.1,76.50328261508388,89.65748348732622,False
3,80,30,838.0,164.0,2.0,485.0,22.0,72.66374815837871,91.80816083244989,False
1,20,90,80.0,551.0,650.0,41.0,22.2,93.40870320606416,0.0,True
2,20,90,61.0,511.0,690.0,42.0,22.5,91.91235647200736,0.0,True
3,20,90,116.0,546.0,655.0,45.0,22.7,92.51928108887878,0.0,True
1,90,0,844.0,200.0,3.0,473.0,23.3,75.61379744083403,97.7338508624366,False
2,90,0,838.0,100.0,1.0,492.0,21.5,75.42543746898053,96.8585840896423,False
3,90,0,847.0,99.0,0.0,497.0,22.5,78.01410473108552,96.9865312915932,False
1,70,60,837.0,702.0,23.0,304.0,29.9,99.0313453008661,53.35995629025516,False
2,70,60,836.0,578.0,19.0,300.0,28.4,94.46350925593308,66.6409507785637,False
3,70,60,836.0,341.0,30.0,342.0,25.2,83.06048231126441,71.99701311664978,False
1,50,0,836.0,709.0,112.0,305.0,40.3,91.80993198606942,91.77837030328745,False
2,50,0,843.0,1027.0,133.0,70.0,0.0,95.96330344896695,63.16412796085355,False
3,50,0,771.0,1108.0,95.0,29.0,43.5,99.98928552976824,11.10486633408493,True
1,0,60,0.0,404.0,799.0,44.0,19.7,85.86460371225398,0.0,True
2,0,60,0.0,351.0,853.0,39.0,19.3,86.19645154690686,0.0,True
3,0,60,0.0,389.0,812.0,42.0,19.3,86.49854531099422,0.0,True
1,30,40,254.0,799.0,403.0,47.0,25.0,97.0868577818883,0.0,True
2,30,40,258.0,734.0,467.0,48.0,24.3,95.63675188395231,0.0,True
3,30,40,268.0,749.0,452.0,46.0,25.5,94.64921097081104,0.0,True
1,50,10,836.0,738.0,91.0,299.0,30.5,92.7661865151859,76.90002874497804,False
2,50,10,669.0,1062.0,139.0,49.0,34.1,95.48795720821197,21.357837064384984,True
3,50,10,819.0,1064.0,137.0,28.0,48.7,98.90514882185325,16.67641037695562,True
1,20,50,84.0,585.0,617.0,44.0,22.8,92.71116823255988,0.0,True
2,20,50,79.0,557.0,644.0,45.0,23.5,93.71343858536852,0.0,True
3,20,50,162.0,645.0,556.0,47.0,23.0,92.19716443959838,0.0,True
1,10,30,43.0,503.0,698.0,41.0,22.6,91.76384652283411,0.0,True
2,10,30,35.0,538.0,663.0,46.0,21.3,90.6375146086493,0.0,True
3,10,30,58.0,545.0,656.0,39.0,23.6,91.95655544565248,0.0,True
1,60,70,562.0,843.0,358.0,46.0,29.3,97.54767507889518,0.0,True
2,60,70,557.0,754.0,449.0,40.0,28.7,95.21246108178596,0.0,True
3,60,70,460.0,834.0,368.0,48.0,28.2,99.08945685095962,0.0,True
1,10,80,30.0,485.0,716.0,44.0,20.6,87.68856764606436,0.0,True
2,10,80,45.0,482.0,720.0,45.0,20.4,88.97581358690226,0.0,True
3,10,80,26.0,528.0,673.0,47.0,20.7,89.79587669122229,0.0,True
1,80,40,839.0,369.0,21.0,487.0,31.1,97.5023485593807,92.22464931001424,False
2,80,40,837.0,299.0,7.0,475.0,25.7,92.72412890635376,90.91011461451772,False
3,80,40,840.0,149.0,2.0,474.0,22.1,72.57020161428922,88.85388567719302,False
1,90,50,837.0,298.0,1.0,476.0,29.6,94.36670854803955,92.2446956291068,False
2,90,50,837.0,249.0,0.0,485.0,25.6,89.7263526521859,92.12606258524391,False
3,90,50,836.0,212.0,2.0,483.0,24.0,81.16735115322803,91.08306690354182,False
1,10,40,24.0,440.0,763.0,42.0,22.0,90.2641738217135,0.0,True
2,10,40,41.0,503.0,699.0,42.0,21.9,91.85537902644184,0.0,True
3,10,40,47.0,496.0,706.0,43.0,22.4,91.93139640732493,0.0,True
1,20,20,201.0,744.0,457.0,46.0,22.0,93.37017494875238,0.0,True
2,20,20,244.0,814.0,387.0,43.0,24.6,93.99744716402236,0.0,True
3,20,20,232.0,826.0,376.0,40.0,22.6,94.16857672163458,0.0,True
1,50,60,448.0,837.0,365.0,48.0,27.5,98.65273982372013,0.0,True
2,50,60,437.0,864.0,337.0,49.0,28.5,96.29041107550763,0.0,True
3,50,60,402.0,828.0,374.0,48.0,27.6,96.74207151058596,0.0,True
1,100,70,845.0,99.0,0.0,497.0,21.9,72.53432765743182,88.51653944649595,False
2,100,70,838.0,92.0,0.0,470.0,22.2,76.00018289176664,84.05177249981902,False
3,100,70,839.0,87.0,0.0,496.0,22.5,79.95202767138159,89.21219927619894,False
1,80,80,838.0,478.0,19.0,340.0,27.0,95.00674709851866,57.16009431418527,False
2,80,80,845.0,420.0,23.0,325.0,25.1,82.03707061396713,59.9219294313242,False
3,80,80,837.0,564.0,16.0,334.0,27.3,93.91898922867593,54.22965505794919,False
1,30,30,266.0,856.0,345.0,45.0,24.6,93.74614980498328,0.0,True
2,30,30,334.0,846.0,358.0,43.0,24.9,94.9156830587011,0.0,True
3,30,30,319.0,884.0,318.0,43.0,24.4,94.7004425529622,0.0,True
1,10,0,156.0,756.0,447.0,39.0,21.7,90.9843069629626,0.0,True
2,10,0,164.0,782.0,419.0,33.0,21.1,91.55529686393616,0.0,True
3,10,0,144.0,782.0,423.0,37.0,21.4,91.72743042711284,0.0,True
1,90,90,836.0,284.0,13.0,375.0,23.3,78.20900157673162,65.04795108204017,False
2,90,90,840.0,274.0,9.0,389.0,24.6,95.58243461037944,62.13312383421491,False
3,90,90,836.0,460.0,20.0,360.0,26.8,87.45419672219715,57.123731697320345,False
1,0,10,5.0,548.0,654.0,37.0,20.8,91.11873034705856,0.0,True
2,0,10,9.0,538.0,667.0,34.0,20.5,88.61021796470393,0.0,True
3,0,10,10.0,495.0,706.0,35.0,21.6,89.95516068774026,0.0,True
1,40,70,235.0,709.0,493.0,48.0,23.6,93.7465940706539,0.0,True
2,40,70,364.0,735.0,467.0,45.0,26.2,95.55848219574884,0.0,True
3,40,70,215.0,702.0,501.0,45.0,24.7,94.47206663159528,0.0,True
1,70,10,837.0,217.0,6.0,476.0,22.4,76.26009993384629,90.3811045959486,False
2,70,10,837.0,464.0,21.0,437.0,36.0,92.15101999183112,96.95912535237532,False
3,70,10,838.0,539.0,37.0,443.0,30.4,87.64475365005633,97.43097791081144,False
1,40,100,295.0,669.0,534.0,46.0,25.1,94.22641094261132,0.0,True
2,40,100,154.0,633.0,569.0,47.0,23.2,94.16264771527968,0.0,True
3,40,100,279.0,692.0,510.0,48.0,25.2,95.43048476448656,0.0,True
1,50,100,443.0,722.0,482.0,46.0,27.8,96.92279787466028,0.0,True
2,50,100,317.0,725.0,476.0,49.0,25.1,97.3313106070879,0.0,True
3,50,100,356.0,728.0,473.0,47.0,25.8,96.66031295494872,0.0,True
1,40,60,305.0,742.0,460.0,46.0,25.5,94.82493305012882,0.0,True
2,40,60,275.0,787.0,414.0,48.0,26.8,97.4061513647438,0.0,True
3,40,60,383.0,787.0,416.0,43.0,26.9,96.08359565484074,0.0,True
1,90,80,838.0,336.0,11.0,325.0,24.5,82.50859249750872,70.5331538908493,False
2,90,80,837.0,363.0,4.0,343.0,27.9,90.9203073554164,72.07827126938842,False
3,90,80,844.0,98.0,1.0,481.0,21.5,74.57764354557742,77.03315136789168,False
1,30,20,515.0,957.0,246.0,41.0,27.3,96.42247239074794,0.0,True
2,30,20,442.0,923.0,278.0,45.0,26.1,95.8936478403929,0.0,True
3,30,20,332.0,881.0,320.0,42.0,26.1,94.27749985476642,0.0,True
1,100,60,838.0,66.0,0.0,490.0,21.2,75.63082648568044,91.36983270909958,False
2,100,60,843.0,122.0,0.0,491.0,22.2,72.30961785397272,90.99472305916991,False
3,100,60,837.0,58.0,0.0,493.0,21.3,78.53345340106785,91.46839013604338,False
1,80,90,836.0,500.0,24.0,381.0,23.6,90.08809953532744,44.49208265170317,False
2,80,90,882.0,724.0,478.0,6.0,37.5,99.32803620109053,4.743092927011177,True
3,80,90,840.0,402.0,12.0,434.0,22.5,86.15164586749376,50.48760007034439,False
1,50,70,373.0,758.0,443.0,49.0,26.8,95.69591699360774,0.0,True
2,50,70,389.0,745.0,456.0,47.0,26.6,94.86734065788546,0.0,True
3,50,70,384.0,739.0,463.0,46.0,26.2,94.65385382683613,0.0,True
1,100,0,847.0,49.0,0.0,500.0,21.4,77.89008568141372,98.51900303282024,False
2,100,0,847.0,135.0,0.0,495.0,21.6,75.79813295886362,98.08769905706632,False
3,100,0,836.0,167.0,0.0,496.0,24.0,80.13656705449019,99.246534190759,False
1,20,30,132.0,720.0,484.0,39.0,22.6,92.62297913326512,0.0,True
2,20,30,222.0,773.0,429.0,43.0,22.8,91.44661286639626,0.0,True
3,20,30,115.0,657.0,546.0,44.0,22.9,92.44988269866036,0.0,True
1,10,50,49.0,472.0,729.0,43.0,24.0,92.28147930610946,0.0,True
2,10,50,34.0,492.0,710.0,43.0,21.9,90.72673023274128,0.0,True
3,10,50,17.0,494.0,707.0,47.0,23.0,91.91084905341688,0.0,True
1,60,10,838.0,533.0,77.0,429.0,38.4,87.64560841202616,95.77147952762591,False
2,60,10,837.0,623.0,62.0,379.0,30.3,86.47785865419283,91.25224270079968,False
3,60,10,836.0,579.0,62.0,402.0,39.8,94.33669356162524,92.9011891848391,False
1,30,0,441.0,1009.0,194.0,29.0,27.8,94.50693596145705,0.0,True
2,30,0,444.0,932.0,269.0,40.0,27.6,97.12737867607872,0.0,True
3,30,0,571.0,951.0,251.0,41.0,30.0,95.3679163191784,12.204851515736095,True
1,90,40,845.0,154.0,0.0,487.0,22.0,72.0323466528952,93.09495433279102,False
2,90,40,838.0,291.0,0.0,481.0,26.6,87.6510512994318,94.75603182483644,False
3,90,40,843.0,113.0,0.0,456.0,21.8,75.13620612981225,90.83092853378108,False
1,0,100,2.0,372.0,829.0,45.0,20.3,86.65675565194721,0.0,True
2,0,100,0.0,355.0,848.0,43.0,19.9,87.14037138111789,0.0,True
3,0,100,4.0,376.0,825.0,41.0,19.8,87.56703640365959,0.0,True
1,80,50,836.0,148.0,3.0,481.0,22.0,74.18882573627641,86.3212421519234,False
2,80,50,841.0,154.0,13.0,476.0,22.6,77.2285953114624,85.8637029471388,False
3,80,50,836.0,276.0,2.0,482.0,26.2,89.09128381739059,87.08630198509164,False
1,10,90,5.0,477.0,725.0,46.0,19.4,90.37585345616137,0.0,True
2,10,90,62.0,465.0,737.0,43.0,21.0,91.29043886577968,0.0,True
3,10,90,24.0,500.0,701.0,45.0,20.8,87.82405215378391,0.0,True
