mexican_concentration,cos_fatigue,texian_casualties_mean,texian_casualties_std,texian_casualties_min,texian_casualties_max,mexican_casualties_mean,mexican_casualties_std,mexican_casualties_min,mexican_casualties_max,mexican_captured_mean,mexican_captured_std,mexican_captured_min,mexican_captured_max,cos_remaining_mean,cos_remaining_std,cos_remaining_min,cos_remaining_max,battle_duration_minutes_mean,battle_duration_minutes_std,battle_duration_minutes_min,battle_duration_minutes_max,texian_side_morale_mean,texian_side_morale_std,texian_side_morale_min,texian_side_morale_max,mexican_side_morale_mean,mexican_side_morale_std,mexican_side_morale_min,mexican_side_morale_max,texian_win_rate,runs
0,0,16.666666666666668,3.0550504633038935,14.0,20.0,548.6666666666666,63.26399713370419,489.0,615.0,652.6666666666666,63.73643646559898,586.0,713.0,33.666666666666664,1.5275252316519456,32.0,35.0,20.666666666666668,0.5507570547286099,20.1,21.2,89.06681268896962,0.8124444713516448,88.14026424425734,89.65735436093793,0.0,0.0,0.0,0.0,1.0,3
0,10,8.0,2.6457513110645907,5.0,10.0,527.0,28.160255680657446,495.0,548.0,675.6666666666666,27.06165799305974,654.0,706.0,35.333333333333336,1.5275252316519468,34.0,37.0,20.96666666666667,0.5686240703077347,20.5,21.6,89.89470299983425,1.2553485341238233,88.61021796470393,91.11873034705856,0.0,0.0,0.0,0.0,1.0,3
0,20,2.6666666666666665,1.1547005383792515,2.0,4.0,448.0,26.457513110645905,418.0,468.0,753.6666666666666,26.652079343520892,734.0,784.0,38.666666666666664,3.214550253664319,35.0,41.0,20.866666666666664,0.503322295684716,20.4,21.4,89.24114526019223,0.7589659139880165,88.48409657645144,90.00201398404099,0.0,0.0,0.0,0.0,1.0,3
0,30,3.3333333333333335,3.2145502536643185,1.0,7.0,399.3333333333333,36.018513757973594,364.0,436.0,802.0,36.51027252705737,765.0,838.0,41.0,1.0,40.0,42.0,21.96666666666667,0.7505553499465127,21.2,22.7,89.65802005169611,0.7335528731372085,89.06380333559785,90.47789000781832,0.0,0.0,0.0,0.0,1.0,3
0,40,5.666666666666667,7.234178138070234,1.0,14.0,428.3333333333333,32.516662395352526,403.0,465.0,773.0,31.953090617340916,737.0,798.0,45.666666666666664,1.154700538379251,45.0,47.0,20.066666666666666,0.6429100507328648,19.6,20.8,86.89250248158363,1.294356277813961,85.7139242766449,88.2777647211933,0.0,0.0,0.0,0.0,1.0,3
0,50,0.6666666666666666,0.5773502691896258,0.0,1.0,383.3333333333333,15.176736583776282,367.0,397.0,818.0,14.730919862656235,805.0,834.0,44.666666666666664,2.081665999466132,43.0,47.0,19.766666666666666,0.15275252316519344,19.6,19.9,86.6160434012276,0.7498761924991568,85.77404983254493,87.21196710402292,0.0,0.0,0.0,0.0,1.0,3
0,60,0.0,0.0,0.0,0.0,381.3333333333333,27.319101986217145,351.0,404.0,821.3333333333334,28.1839197652373,799.0,853.0,41.666666666666664,2.5166114784235836,39.0,44.0,19.433333333333334,0.2309401076758495,19.3,19.7,86.18653352338502,0.3170871537074079,85.86460371225398,86.49854531099422,0.0,0.0,0.0,0.0,1.0,3
0,70,1.0,1.7320508075688772,0.0,3.0,386.3333333333333,38.13572253587618,344.0,418.0,815.3333333333334,37.87259343289464,783.0,857.0,43.666666666666664,2.0816659994661335,42.0,46.0,19.633333333333333,0.6027713773341704,19.0,20.2,87.15443845000384,0.4827294630518715,86.66856102709849,87.63395713087804,0.0,0.0,0.0,0.0,1.0,3
0,80,3.3333333333333335,3.2145502536643185,1.0,7.0,383.0,21.166010488516726,359.0,399.0,818.0,21.166010488516726,802.0,842.0,43.333333333333336,3.0550504633038926,40.0,46.0,20.366666666666667,0.25166114784235816,20.1,20.6,87.47835317346794,0.7401997903958153,86.62418951459462,87.93187479483112,0.0,0.0,0.0,0.0,1.0,3
0,90,1.6666666666666667,1.5275252316519465,0.0,3.0,377.3333333333333,15.631165450257805,363.0,394.0,824.0,16.09347693943108,807.0,839.0,44.0,1.7320508075688772,43.0,46.0,20.099999999999998,0.1732050807568879,19.9,20.2,86.74716067232276,0.8565193132774973,85.83762547721967,87.5383575056267,0.0,0.0,0.0,0.0,1.0,3
0,100,2.0,2.0,0.0,4.0,367.6666666666667,11.150485789118482,355.0,376.0,834.0,12.288205727444508,825.0,848.0,43.0,2.0,41.0,45.0,20.0,0.26457513110646047,19.8,20.3,87.12138781224155,0.45543720055565623,86.65675565194721,87.56703640365959,0.0,0.0,0.0,0.0,1.0,3
10,0,154.66666666666666,10.066445913694329,144.0,164.0,773.3333333333334,15.011106998930261,756.0,782.0,429.6666666666667,15.143755588800733,419.0,447.0,36.333333333333336,3.055050463303893,33.0,39.0,21.400000000000002,0.29999999999999805,21.1,21.7,91.4223447513372,0.38899269777986034,90.9843069629626,91.72743042711284,0.0,0.0,0.0,0.0,1.0,3
10,10,83.0,5.291502622129181,79.0,89.0,654.6666666666666,42.85246006162696,609.0,694.0,547.6666666666666,43.385865593915874,508.0,594.0,39.666666666666664,3.0550504633038926,37.0,43.0,21.8,0.43588989435406844,21.3,22.1,91.98072615605027,0.7939704087000272,91.39611985745933,92.88463834437896,0.0,0.0,0.0,0.0,1.0,3
10,20,85.66666666666667,34.122328955294556,64.0,125.0,644.0,67.53517601961218,588.0,719.0,558.0,65.87108622149782,485.0,613.0,42.333333333333336,4.0414518843273814,38.0,46.0,22.366666666666664,0.7505553499465134,21.6,23.1,92.42488630525793,1.9749829658320057,90.5528852305687,94.4888348456587,0.0,0.0,0.0,0.0,1.0,3
10,30,45.333333333333336,11.676186592091328,35.0,58.0,528.6666666666666,22.501851775650238,503.0,545.0,672.3333333333334,22.501851775650238,656.0,698.0,42.0,3.605551275463989,39.0,46.0,22.5,1.1532562594670792,21.3,23.6,91.4526388590453,0.7124639218382836,90.6375146086493,91.95655544565248,0.0,0.0,0.0,0.0,1.0,3
10,40,37.333333333333336,11.930353445448853,24.0,47.0,479.6666666666667,34.53018003621373,440.0,503.0,722.6666666666666,35.10460558578223,699.0,763.0,42.333333333333336,0.5773502691896247,42.0,43.0,22.099999999999998,0.2645751311064593,21.9,22.4,91.35031641849342,0.9413946919087421,90.2641738217135,91.93139640732493,0.0,0.0,0.0,0.0,1.0,3
10,50,33.333333333333336,16.010413278030438,17.0,49.0,486.0,12.165525060596439,472.0,494.0,715.3333333333334,11.930353445448864,707.0,729.0,44.333333333333336,2.309401076758502,43.0,47.0,22.96666666666667,1.0503967504392495,21.9,24.0,91.63968619742253,0.8120702809105044,90.72673023274128,92.28147930610946,0.0,0.0,0.0,0.0,1.0,3
10,60,23.666666666666668,15.821925715074425,10.0,41.0,412.0,43.40506882842141,384.0,462.0,790.0,43.347433603386484,740.0,817.0,40.666666666666664,2.0816659994661335,39.0,43.0,22.2,0.8000000000000016,21.4,23.0,90.89659677312348,0.9392219881954696,90.19301694634258,91.9631380514095,0.0,0.0,0.0,0.0,1.0,3
10,70,26.666666666666668,1.1547005383792517,26.0,28.0,472.0,19.924858845171276,449.0,484.0,729.6666666666666,19.34769581457526,718.0,752.0,41.666666666666664,2.0816659994661335,40.0,44.0,22.733333333333334,0.11547005383792475,22.6,22.8,91.31311835207937,0.925720925630678,90.2863265521212,92.08387233295842,0.0,0.0,0.0,0.0,1.0,3
10,80,33.666666666666664,10.016652800877813,26.0,45.0,498.3333333333333,25.73583752927683,482.0,528.0,703.0,26.057628441590765,673.0,720.0,45.333333333333336,1.5275252316519456,44.0,47.0,20.566666666666666,0.1527525231651953,20.4,20.7,88.82008597472964,1.0622505212264473,87.68856764606436,89.79587669122229,0.0,0.0,0.0,0.0,1.0,3
10,90,30.333333333333332,29.022979401386987,5.0,62.0,480.6666666666667,17.785762095938793,465.0,500.0,721.0,18.33030277982336,701.0,737.0,44.666666666666664,1.5275252316519468,43.0,46.0,20.400000000000002,0.8717797887081359,19.4,21.0,89.83011482524165,1.7964777202163695,87.82405215378391,91.29043886577968,0.0,0.0,0.0,0.0,1.0,3
10,100,33.666666666666664,2.0816659994661326,32.0,36.0,471.3333333333333,16.56301099840645,454.0,487.0,729.6666666666666,16.563010998406472,714.0,747.0,46.333333333333336,2.0816659994661326,44.0,48.0,20.766666666666666,0.3511884584284261,20.4,21.1,89.15329684547866,0.5913195208517898,88.47341469152526,89.54781784818043,0.0,0.0,0.0,0.0,1.0,3
20,0,280.6666666666667,160.95133840180807,176.0,466.0,924.0,33.28663395418648,900.0,962.0,277.3333333333333,33.50124375800597,239.0,301.0,38.0,4.58257569495584,33.0,42.0,21.633333333333336,1.357694123627753,20.8,23.2,92.93720165844515,1.5530417996657302,91.9943188242863,94.72969106946552,0.0,0.0,0.0,0.0,1.0,3
20,10,188.33333333333334,33.26158945891391,163.0,226.0,836.6666666666666,36.74688195389283,813.0,879.0,365.0,36.49657518178932,323.0,389.0,39.666666666666664,3.0550504633038944,37.0,43.0,21.833333333333332,0.4725815626252615,21.3,22.2,92.56492799708978,0.6126862583550468,91.9548250088077,93.18016525644911,0.0,0.0,0.0,0.0,1.0,3
20,20,225.66666666666666,22.18858565419016,201.0,244.0,794.6666666666666,44.286943147313,744.0,826.0,406.6666666666667,43.93555887129847,376.0,457.0,43.0,3.0,40.0,46.0,23.066666666666666,1.3613718571108095,22.0,24.6,93.84539961146977,0.42035721881904736,93.37017494875238,94.16857672163458,0.0,0.0,0.0,0.0,1.0,3
20,30,156.33333333333334,57.50072463311514,115.0,222.0,716.6666666666666,58.071794645364044,657.0,773.0,486.3333333333333,58.534889880594584,429.0,546.0,42.0,2.6457513110645907,39.0,44.0,22.766666666666666,0.1527525231651916,22.6,22.9,92.17315823277391,0.6351312627889174,91.44661286639626,92.62297913326512,0.0,0.0,0.0,0.0,1.0,3
20,40,130.33333333333334,17.616280348965088,114.0,149.0,649.3333333333334,23.965252624024927,635.0,677.0,551.6666666666666,23.965252624024927,524.0,566.0,46.0,1.0,45.0,47.0,23.066666666666666,0.6506407098647725,22.4,23.7,93.45526357927876,0.8730419706923199,92.55863066082853,94.302628080416,0.0,0.0,0.0,0.0,1.0,3
20,50,108.33333333333333,46.54388610046795,79.0,162.0,595.6666666666666,44.95924080023299,557.0,645.0,605.6666666666666,45.08140784551134,556.0,644.0,45.333333333333336,1.5275252316519456,44.0,47.0,23.099999999999998,0.3605551275463991,22.8,23.5,92.87392375250893,0.7711282907131308,92.19716443959838,93.71343858536852,0.0,0.0,0.0,0.0,1.0,3
20,60,72.66666666666667,33.605555096342826,36.0,102.0,529.3333333333334,18.14754345175494,516.0,550.0,672.0,17.578395831246947,652.0,685.0,42.666666666666664,1.154700538379251,42.0,44.0,23.3,0.43588989435406705,23.0,23.8,92.15388403422078,1.0892100840319536,91.13984095896076,93.30523940480914,0.0,0.0,0.0,0.0,1.0,3
20,70,102.33333333333333,31.390019645316144,67.0,127.0,556.6666666666666,22.678918257565407,531.0,574.0,644.6666666666666,23.245071162148182,627.0,671.0,45.333333333333336,2.0816659994661335,43.0,47.0,22.766666666666666,0.6429100507328622,22.3,23.5,92.9396056273946,0.7629359850643785,92.3283560122062,93.79464079915677,0.0,0.0,0.0,0.0,1.0,3
20,80,63.666666666666664,38.68246803570492,23.0,100.0,536.6666666666666,29.022979401387,517.0,570.0,664.6666666666666,28.448784391135806,632.0,684.0,45.0,2.0,43.0,47.0,22.53333333333333,0.5507570547286109,22.0,23.1,92.9806543310334,0.6032229377430192,92.515290541755,93.66217396956304,0.0,0.0,0.0,0.0,1.0,3
20,90,85.66666666666667,27.934447074057744,61.0,116.0,536.0,21.79449471770337,511.0,551.0,665.0,21.79449471770337,650.0,690.0,42.666666666666664,2.0816659994661335,41.0,45.0,22.46666666666667,0.2516611478423566,22.2,22.7,92.61344692231677,0.7526046706411778,91.91235647200736,93.40870320606416,0.0,0.0,0.0,0.0,1.0,3
20,100,65.66666666666667,53.25723737984663,22.0,125.0,556.0,26.0,526.0,572.0,645.0,26.0,629.0,675.0,47.0,1.0,46.0,48.0,22.53333333333333,0.6658328118479391,21.8,23.1,92.57352204306618,0.893370995500504,91.71585233493607,93.49875768220168,0.0,0.0,0.0,0.0,1.0,3
30,0,485.3333333333333,74.20467191042175,441.0,571.0,964.0,40.11234224026316,932.0,1009.0,238.0,39.153543900903784,194.0,269.0,36.666666666666664,6.658328118479393,29.0,41.0,28.46666666666667,1.331665623695877,27.6,30.0,95.66741031890473,1.3356468459355206,94.50693596145705,97.12737867607872,4.068283838578698,7.046474308029647,0.0,12.204851515736095,1.0,3
30,10,422.3333333333333,35.50117368951811,387.0,458.0,954.6666666666666,26.274195198584742,925.0,975.0,246.66666666666666,25.890796305508513,227.0,276.0,43.333333333333336,2.0816659994661326,41.0,45.0,25.099999999999998,0.26457513110645864,24.8,25.3,92.53059864371126,1.5064768737476426,91.1205986270472,94.11786705558724,0.25585500040263803,0.4431538600679247,0.0,0.7675650012079142,1.0,3
30,20,429.6666666666667,92.12129685004079,332.0,515.0,920.3333333333334,38.070110760717974,881.0,957.0,281.3333333333333,37.11244175924475,246.0,320.0,42.666666666666664,2.0816659994661326,41.0,45.0,26.5,0.692820323027552,26.1,27.3,95.53120669530243,1.1174746005031262,94.27749985476642,96.42247239074794,0.0,0.0,0.0,0.0,1.0,3
30,30,306.3333333333333,35.725807665234576,266.0,334.0,862.0,19.697715603592208,846.0,884.0,340.3333333333333,20.40424792373718,318.0,358.0,43.666666666666664,1.154700538379251,43.0,45.0,24.633333333333336,0.25166114784235816,24.4,24.9,94.45409180554886,0.6224696988217925,93.74614980498328,94.9156830587011,0.0,0.0,0.0,0.0,1.0,3
30,40,260.0,7.211102550927978,254.0,268.0,760.6666666666666,34.03429642777022,734.0,799.0,440.6666666666667,33.471380810079125,403.0,467.0,47.0,1.0,46.0,48.0,24.933333333333334,0.6027713773341704,24.3,25.5,95.79094021221722,1.2261162360553908,94.64921097081104,97.0868577818883,0.0,0.0,0.0,0.0,1.0,3
30,50,144.33333333333334,75.0821772016058,63.0,211.0,687.0,15.588457268119896,669.0,696.0,514.3333333333334,16.16580753730953,505.0,533.0,45.333333333333336,2.081665999466132,43.0,47.0,23.866666666666664,1.1930353445448836,22.5,24.7,93.63364296354568,0.4009871705932255,93.22922522305404,94.03110917516972,0.0,0.0,0.0,0.0,1.0,3
30,60,212.0,78.54298186343577,124.0,275.0,684.3333333333334,14.294521094927724,672.0,700.0,517.3333333333334,15.176736583776268,501.0,531.0,47.333333333333336,1.5275252316519468,46.0,49.0,25.5,1.3453624047073713,24.0,26.6,95.47176027155972,1.5123830123990178,93.75399669258393,96.6031647046047,0.0,0.0,0.0,0.0,1.0,3
30,70,155.66666666666666,95.73052456418138,70.0,259.0,629.3333333333334,56.7655999116836,576.0,689.0,573.0,56.824290580701486,513.0,626.0,46.666666666666664,1.5275252316519456,45.0,48.0,24.0,1.0148891565092237,23.1,25.1,94.93691182711369,2.5941818698140993,93.02332272054365,97.88955510264309,0.0,0.0,0.0,0.0,1.0,3
30,80,154.0,71.58212067269312,72.0,204.0,617.0,47.82258880487337,580.0,671.0,584.3333333333334,47.25815626252608,531.0,621.0,46.666666666666664,0.5773502691896247,46.0,47.0,23.766666666666666,0.3511884584284261,23.4,24.1,94.90187189352042,1.9006825877643292,92.73473161663,96.28581107937232,0.0,0.0,0.0,0.0,1.0,3
30,90,152.33333333333334,69.16887546673962,74.0,205.0,618.0,29.614185789921695,590.0,649.0,583.6666666666666,29.143323992525872,553.0,611.0,47.666666666666664,1.1547005383792526,47.0,49.0,24.0,0.26457513110645914,23.8,24.3,94.17408796061478,2.1552456861162352,92.0010835253063,96.31112469013424,0.0,0.0,0.0,0.0,1.0,3
30,100,213.0,73.77669008569035,152.0,295.0,642.3333333333334,21.455380055672133,628.0,667.0,560.6666666666666,22.368132093076827,535.0,576.0,46.0,1.0,45.0,47.0,24.666666666666668,0.5686240703077317,24.2,25.3,95.02887269359358,0.5186334965581747,94.68969498542664,95.62589524483268,0.0,0.0,0.0,0.0,1.0,3
40,0,591.6666666666666,30.435724623102598,557.0,614.0,998.0,33.18132004607411,963.0,1029.0,205.0,34.17601498127012,173.0,241.0,35.333333333333336,7.3711147958319945,27.0,41.0,29.833333333333332,1.530795000427339,28.9,31.6,93.98959752552328,1.401952253590081,92.51774289003622,95.30922259925252,26.108977173881467,12.342454516668361,16.561550107477657,40.0462686548504,1.0,3
40,10,669.0,32.41913015489465,634.0,698.0,1014.3333333333334,30.664855018951798,982.0,1043.0,191.0,28.844410203711913,167.0,223.0,32.0,9.643650760992955,25.0,43.0,32.699999999999996,1.5524174696260042,31.2,34.3,96.84982350906493,0.498880002416224,96.3602356788596,97.3575034720989,13.596715013906481,10.312247962557866,1.7052971843835958,20.079168322264923,1.0,3
40,20,604.3333333333334,132.7943271880743,451.0,682.0,966.0,39.03844259188627,928.0,1006.0,235.66666666666666,40.01666319589046,195.0,275.0,42.0,6.557438524302,35.0,48.0,31.299999999999997,2.179449471770336,28.8,32.8,95.96774144400462,0.19208913181741125,95.81591438895298,96.18368940864548,4.9273501538587645,4.911108565273247,0.0,9.822054372088443,1.0,3
40,30,441.6666666666667,72.83085426749665,376.0,520.0,929.3333333333334,61.88968680913917,860.0,979.0,274.0,63.66317616958802,222.0,345.0,43.666666666666664,6.806859285554045,36.0,49.0,26.7,0.9539392014169443,25.6,27.3,95.82038183122806,1.6746820245313827,94.66629940650584,97.74116044390182,0.7442954026087532,1.2891574531582934,0.0,2.2328862078262595,1.0,3
40,40,432.0,20.8806130178211,418.0,456.0,885.3333333333334,26.27419519858473,855.0,901.0,316.0,25.98076211353316,301.0,346.0,46.333333333333336,2.5166114784235836,44.0,49.0,26.866666666666664,0.4725815626252603,26.5,27.4,96.15785402703447,1.6493646448112709,94.428102548146,97.7129279970732,0.0,0.0,0.0,0.0,1.0,3
40,50,388.6666666666667,74.23161949825244,303.0,434.0,818.6666666666666,28.98850346832918,795.0,851.0,382.6666666666667,28.431203515386635,351.0,406.0,45.333333333333336,3.511884584284247,42.0,49.0,27.366666666666664,0.873689494805412,26.4,28.1,96.5621427967106,1.1723042557040182,95.3581932980693,97.700006033949,0.0,0.0,0.0,0.0,1.0,3
40,60,321.0,55.749439459065414,275.0,383.0,772.0,25.98076211353316,742.0,787.0,430.0,26.0,414.0,460.0,45.666666666666664,2.5166114784235822,43.0,48.0,26.400000000000002,0.7810249675906665,25.5,26.9,96.10489335657111,1.2907409465110393,94.82493305012882,97.4061513647438,0.0,0.0,0.0,0.0,1.0,3
40,70,271.3333333333333,80.87232736439167,215.0,364.0,715.3333333333334,17.38773514099331,702.0,735.0,487.0,17.776388834631177,467.0,501.0,46.0,1.7320508075688772,45.0,48.0,24.833333333333332,1.305118130030126,23.6,26.2,94.59238096599934,0.9119162783733633,93.7465940706539,95.55848219574884,0.0,0.0,0.0,0.0,1.0,3
40,80,215.0,98.14784765851975,103.0,286.0,660.0,40.0374824383352,614.0,687.0,541.3333333333334,39.70306453327418,515.0,587.0,47.333333333333336,0.5773502691896247,47.0,48.0,24.666666666666668,1.0115993936995666,23.5,25.3,94.03973710925561,1.8493257788334483,91.93812815299312,95.41831541562198,0.0,0.0,0.0,0.0,1.0,3
40,90,250.0,66.7757440991862,173.0,292.0,685.6666666666666,24.826061575153915,657.0,700.0,515.6666666666666,24.54248017893328,501.0,544.0,47.666666666666664,0.5773502691896247,47.0,48.0,25.599999999999998,0.360555127546399,25.2,25.9,95.77212263286252,0.768207666379959,94.91180578900092,96.38945534472376,0.0,0.0,0.0,0.0,1.0,3
40,100,242.66666666666666,77.20319509795779,154.0,295.0,664.6666666666666,29.73774257292127,633.0,692.0,537.6666666666666,29.67041174863154,510.0,569.0,47.0,1.0,46.0,48.0,24.5,1.1269427669584646,23.2,25.2,94.60651447412586,0.7142910589093077,94.16264771527968,95.43048476448656,0.0,0.0,0.0,0.0,1.0,3
50,0,816.6666666666666,39.70306453327416,771.0,843.0,948.0,210.90519197023102,709.0,1108.0,113.33333333333333,19.035055380358976,95.0,133.0,134.66666666666666,148.93063262248413,29.0,305.0,27.933333333333334,24.24383083040577,0.0,43.5,95.92084032160153,4.089842104054116,91.80993198606942,99.98928552976824,55.349121532741975,40.900602743368005,11.10486633408493,91.77837030328745,0.3333333333333333,3
50,10,774.6666666666666,91.90393535280921,669.0,836.0,954.6666666666666,187.64150216125785,738.0,1064.0,122.33333333333333,27.15388247255507,91.0,139.0,125.33333333333333,150.7658228290926,28.0,299.0,37.76666666666667,9.638118765263966,30.5,48.7,95.71976418175036,3.0760389148068925,92.7661865151859,98.90514882185325,38.31142539543955,33.50058462636815,16.67641037695562,76.90002874497804,0.6666666666666666,3
50,20,759.3333333333334,47.427137098219745,720.0,812.0,1057.0,30.04995840263344,1034.0,1091.0,147.33333333333334,30.859898466024376,112.0,169.0,37.666666666666664,4.932882862316246,32.0,41.0,38.266666666666666,6.885007867339973,32.3,45.8,97.28672701870066,2.3032620320123565,95.09482626751355,99.68716745206343,8.47332782687787,8.326247249153269,0.0,16.644255319148968,1.0,3
50,30,739.0,84.30895563343196,677.0,835.0,998.6666666666666,65.43189843901318,924.0,1046.0,204.33333333333334,65.01025560119983,155.0,278.0,41.666666666666664,4.932882862316248,36.0,45.0,34.03333333333333,6.061627944152733,29.1,40.8,95.53041696461283,2.570254872946669,92.97647263461111,98.11667763156623,4.2891407621876425,4.994659672969295,0.0,9.772734786562692,1.0,3
50,40,631.3333333333334,75.18200139217718,565.0,713.0,973.6666666666666,4.041451884327367,970.0,978.0,227.33333333333334,4.041451884327377,223.0,231.0,45.666666666666664,4.932882862316246,40.0,49.0,31.066666666666666,1.7214335111567125,29.1,32.3,97.35056972373825,0.6978935167601384,96.62205850754806,98.01316895360137,1.841041799281608,3.188777935213768,0.0,5.523125397844824,1.0,3
50,50,529.3333333333334,27.392213005402347,505.0,559.0,918.3333333333334,10.692676621563617,906.0,925.0,284.0,10.44030650891055,277.0,296.0,46.0,1.0,45.0,47.0,29.2,1.1135528725660047,28.2,30.4,97.50250162408281,1.0458293531181617,96.4556369803589,98.54729260285396,0.0,0.0,0.0,0.0,1.0,3
50,60,429.0,24.020824298928627,402.0,448.0,843.0,18.734993995195193,828.0,864.0,358.6666666666667,19.2959408512084,337.0,374.0,48.333333333333336,0.5773502691896263,48.0,49.0,27.866666666666664,0.5507570547286098,27.5,28.5,97.2284074699379,1.2540100787780308,96.29041107550763,98.65273982372013,0.0,0.0,0.0,0.0,1.0,3
50,70,382.0,8.18535277187245,373.0,389.0,747.3333333333334,9.712534856222323,739.0,758.0,454.0,10.14889156509222,443.0,463.0,47.333333333333336,1.5275252316519474,46.0,49.0,26.53333333333333,0.30550504633039144,26.2,26.8,95.07237049277644,0.550456025293649,94.65385382683613,95.69591699360774,0.0,0.0,0.0,0.0,1.0,3
50,80,371.6666666666667,41.10150037812893,345.0,419.0,728.0,18.520259177452136,709.0,746.0,473.3333333333333,18.03699901129157,456.0,492.0,46.666666666666664,2.5166114784235822,44.0,49.0,26.066666666666666,1.2013880860626744,24.9,27.3,95.8884389267367,0.17459751270202778,95.6920687111572,96.02616319570473,0.0,0.0,0.0,0.0,1.0,3
50,90,314.6666666666667,18.903262505010435,300.0,336.0,722.6666666666666,24.440403706431148,696.0,744.0,478.3333333333333,24.440403706431145,457.0,505.0,48.333333333333336,1.154700538379251,47.0,49.0,25.733333333333334,0.680685928555406,25.2,26.5,96.27656393726572,0.7792922117663558,95.38493971594116,96.82749996185922,0.0,0.0,0.0,0.0,1.0,3
50,100,372.0,64.50581369148055,317.0,443.0,725.0,3.0,722.0,728.0,477.0,4.58257569495584,473.0,482.0,47.333333333333336,1.5275252316519468,46.0,49.0,26.233333333333334,1.4011899704655808,25.1,27.8,96.9714738122323,0.3381367659216609,96.66031295494872,97.3313106070879,0.0,0.0,0.0,0.0,1.0,3
60,0,870.0,50.3189825016365,838.0,928.0,678.6666666666666,196.81548042096014,535.0,903.0,49.333333333333336,18.876793513023692,33.0,70.0,330.3333333333333,118.95097029168502,193.0,401.0,19.766666666666666,17.122013121515042,0.0,30.0,76.86154282453228,20.7871326954972,53.36746023549414,92.86604206655944,91.39695810805354,5.546759195706776,85.12533975347586,95.65821829984765,0.0,3
60,10,837.0,1.0,836.0,838.0,578.3333333333334,45.003703551300454,533.0,623.0,67.0,8.660254037844387,62.0,77.0,403.3333333333333,25.026652459594615,379.0,429.0,36.166666666666664,5.128677542342989,30.3,39.8,89.48672020928142,4.2405885220171795,86.47785865419283,94.33669356162524,93.30830380442156,2.286959140287363,91.25224270079968,95.77147952762591,0.0,3
60,20,840.3333333333334,71.59841711471933,771.0,914.0,968.0,229.7368059323538,703.0,1111.0,90.0,25.059928172283335,64.0,114.0,135.0,161.9660458244258,39.0,322.0,44.833333333333336,3.082747692130079,42.4,48.3,92.47932000866753,6.408277670749893,86.79734507454104,99.42547413999672,42.46808518705803,38.20346998159197,15.007518775908938,86.09724944056732,0.6666666666666666,3
60,30,837.0,0.0,837.0,837.0,590.3333333333334,15.50268793897799,579.0,608.0,38.666666666666664,16.19670748434179,20.0,49.0,395.0,32.14031735997639,358.0,416.0,30.53333333333333,2.77908857961263,28.5,33.7,91.11521553702521,5.53330264469492,86.26564595064293,97.14259582206869,82.12191964427417,3.2020316781352913,79.78837571270483,85.77242597736925,0.0,3
60,40,809.3333333333334,47.05670338361297,755.0,837.0,671.0,351.03845943144177,317.0,1019.0,84.33333333333333,86.43109008530051,22.0,183.0,259.6666666666667,203.17808280750492,39.0,439.0,31.2,7.670723564306042,23.0,38.2,85.86060551571215,12.164859438230245,71.82501873134956,93.36371619160496,48.9077769623695,34.67385983620295,8.869858302048966,68.94565593352476,0.3333333333333333,3
60,50,799.0,50.08991914547278,742.0,836.0,861.6666666666666,199.480157743404,633.0,1000.0,173.0,93.92017887546851,68.0,249.0,123.0,143.98263784220651,32.0,289.0,33.5,1.9078784028338913,31.3,34.7,95.56090076352869,1.9954507596856772,93.49600818774152,97.478777863047,23.04869532422876,36.755726135384656,0.7710959797480529,65.47271242138872,0.6666666666666666,3
60,60,679.6666666666666,122.6757243032758,547.0,789.0,906.3333333333334,4.041451884327364,904.0,911.0,297.0,0.0,297.0,297.0,31.0,15.394804318340652,14.0,44.0,32.199999999999996,3.0446674695276665,28.9,34.9,97.80251657176642,1.0281773013176974,96.62536088945508,98.52479907868414,16.90937876202995,26.046425170184,0.0,46.90405297492567,1.0,3
60,70,526.3333333333334,57.50072463311515,460.0,562.0,810.3333333333334,48.99319680663156,754.0,843.0,391.6666666666667,49.903239707791855,358.0,449.0,44.666666666666664,4.163331998932266,40.0,48.0,28.733333333333334,0.5507570547286114,28.2,29.3,97.28319767054693,1.9519823957178946,95.21246108178596,99.08945685095962,0.0,0.0,0.0,0.0,1.0,3
60,80,442.3333333333333,50.57996968497839,384.0,474.0,798.3333333333334,10.408329997330675,790.0,810.0,403.3333333333333,10.969655114602896,391.0,412.0,48.333333333333336,0.5773502691896263,48.0,49.0,27.633333333333336,0.5507570547286087,27.1,28.2,98.16304167872666,0.048423241521927445,98.1071742445168,98.19295849078576,0.0,0.0,0.0,0.0,1.0,3
60,90,502.3333333333333,74.80864477674577,422.0,570.0,761.6666666666666,3.785938897200172,759.0,766.0,439.6666666666667,3.214550253664313,436.0,442.0,48.333333333333336,0.5773502691896263,48.0,49.0,27.5,0.6082762530298202,26.8,27.9,96.8652422333232,1.9383472381173836,94.7094256851098,98.46423713492504,0.0,0.0,0.0,0.0,1.0,3
60,100,419.0,35.679125549822544,395.0,460.0,742.0,9.643650760992955,731.0,749.0,460.3333333333333,10.115993936995688,454.0,472.0,47.666666666666664,1.154700538379251,47.0,49.0,26.8,0.36055512754640057,26.4,27.1,97.70901356195849,0.914990012755827,96.66693068199142,98.38089987889369,0.0,0.0,0.0,0.0,1.0,3
70,0,837.0,1.7320508075688772,836.0,839.0,302.0,70.16409338115899,221.0,344.0,24.333333333333332,9.865765724632494,13.0,31.0,477.3333333333333,8.504900548115376,469.0,486.0,26.133333333333336,2.7319101986217125,23.1,28.4,83.23234493095006,9.811044807610955,72.06706248493023,90.47599522750563,95.17093015580808,2.746484084011584,92.18224576864458,97.58396655813006,0.0,3
70,10,837.3333333333334,0.5773502691896093,837.0,838.0,406.6666666666667,168.48244221085272,217.0,539.0,21.333333333333332,15.50268793897798,6.0,37.0,452.0,21.0,437.0,476.0,29.599999999999998,6.835202996254026,22.4,36.0,85.35195785857792,8.189811931807835,76.26009993384629,92.15101999183112,94.92373595304512,3.9411021230213126,90.3811045959486,97.43097791081144,0.0,3
70,20,836.0,0.0,836.0,836.0,513.6666666666666,49.318691520896365,460.0,557.0,25.333333333333332,15.30795000427338,8.0,37.0,446.3333333333333,5.033222956847159,441.0,451.0,35.5,1.4730919862656238,33.9,36.8,90.42527468839046,5.096150821006881,87.02570515551315,96.28474074475967,93.69468333755515,1.069027600775553,92.64355619827244,94.78075454676748,0.0,3
70,30,836.6666666666666,1.1547005383792432,836.0,838.0,446.3333333333333,57.570246945217576,382.0,493.0,29.666666666666668,6.027713773341709,24.0,36.0,455.3333333333333,14.502873278538068,441.0,470.0,29.400000000000002,0.7549834435270754,28.6,30.1,89.55600504403304,8.256303221419236,80.61091668151313,96.88434832958076,91.29260824326,0.938085275174987,90.72487555987844,92.37538865020775,0.0,3
70,40,836.6666666666666,1.1547005383792432,836.0,838.0,439.3333333333333,129.7857208375919,291.0,532.0,35.0,5.0,30.0,40.0,415.6666666666667,31.89566323708183,389.0,451.0,28.0,3.9038442591886273,24.0,31.8,87.00148896375408,6.884100396975068,79.15298098073967,92.01731526438763,84.52484678390158,1.749285014657011,82.5434219737549,85.85536038644925,0.0,3
70,50,842.6666666666666,4.163331998932249,838.0,846.0,584.3333333333334,370.1409641384392,257.0,986.0,81.66666666666667,118.15385450053388,9.0,218.0,295.3333333333333,247.20504309850423,10.0,445.0,29.599999999999998,6.993568473962344,23.1,37.0,88.40773368147931,13.339296983714325,73.01850626527151,96.66413353119648,52.467214002099524,42.8320315726918,3.025079210535332,78.27888172965558,0.3333333333333333,3
70,60,836.3333333333334,0.577350269189634,836.0,837.0,540.3333333333334,183.42391701556627,341.0,702.0,24.0,5.5677643628300215,19.0,30.0,315.3333333333333,23.180451534284956,300.0,342.0,27.833333333333332,2.4006943440041115,25.2,29.9,92.18511228935454,8.22559637419336,83.06048231126441,99.0313453008661,63.99930672848955,9.595242792813258,53.35995629025516,71.99701311664978,0.0,3
70,70,713.0,70.14983962918234,633.0,764.0,905.6666666666666,45.09249752822893,859.0,949.0,296.3333333333333,45.654499595695206,253.0,344.0,39.666666666666664,12.741009902410928,25.0,48.0,31.233333333333334,2.400694344004111,29.7,34.0,98.12938764804962,1.3517008717850127,96.96649826206662,99.61242063608516,7.706412655466889,13.347898263360443,0.0,23.119237966400668,1.0,3
70,80,638.6666666666666,92.72180613713977,540.0,724.0,846.3333333333334,29.67041174863155,815.0,874.0,355.3333333333333,30.730007050655445,327.0,388.0,48.333333333333336,1.154700538379251,47.0,49.0,30.46666666666667,2.2744962812309284,28.6,33.0,98.70413261124683,0.7641258434258118,97.83179635932576,99.25501953374676,0.0,0.0,0.0,0.0,1.0,3
70,90,530.6666666666666,97.76672917374975,449.0,639.0,787.0,10.583005244258363,775.0,795.0,414.3333333333333,10.214368964029703,407.0,426.0,48.666666666666664,0.5773502691896247,48.0,49.0,28.46666666666667,0.25166114784235766,28.2,28.7,98.19295889343948,0.43110160592729757,97.83609978804844,98.67195005181298,0.0,0.0,0.0,0.0,1.0,3
70,100,590.3333333333334,93.52183345793289,498.0,685.0,740.3333333333334,33.65016097039259,702.0,765.0,461.0,34.219877264537345,436.0,500.0,45.333333333333336,6.350852961085883,38.0,49.0,29.066666666666666,1.7009801096230754,27.8,31.0,99.00731237851515,0.8397669815942874,98.40023325924632,99.96568,0.0,0.0,0.0,0.0,1.0,3
80,0,837.3333333333334,1.154700538379268,836.0,838.0,318.3333333333333,152.04056476260976,151.0,448.0,4.333333333333333,3.214550253664318,2.0,8.0,488.3333333333333,2.5166114784235765,486.0,491.0,26.933333333333334,4.652239604033023,21.7,30.6,85.18748402619724,9.241136920229541,75.2564825895124,93.53381591850447,97.24338677420155,2.3870271055181664,94.48713859046453,98.63635555243135,0.0,3
80,10,837.3333333333334,2.3094010767585114,836.0,840.0,205.66666666666666,40.2781992315115,174.0,251.0,6.0,1.0,5.0,7.0,488.3333333333333,4.725815626252614,483.0,492.0,22.266666666666666,0.378593889720018,22.0,22.7,73.57106766945758,2.4370779663566644,70.85689581430393,75.5718168394368,95.36009229236106,1.3354910793489716,94.21198989889008,96.82573313327168,0.0,3
80,20,839.3333333333334,1.527525231651959,838.0,841.0,182.66666666666666,80.00208330620731,125.0,274.0,5.333333333333333,4.932882862316247,2.0,11.0,488.6666666666667,6.658328118479388,481.0,493.0,23.166666666666668,2.2143471573656504,21.6,25.7,79.43010507610248,7.060377793841994,75.00850183406236,87.57268578684447,92.33255246300479,2.288783595122809,89.77254697075007,94.18115810661207,0.0,3
80,30,840.3333333333334,3.2145502536643287,838.0,844.0,165.0,37.5099986670221,128.0,203.0,1.6666666666666667,0.5773502691896257,1.0,2.0,481.3333333333333,4.725815626252614,476.0,485.0,22.366666666666664,0.5507570547286098,22.0,23.0,75.07992702722142,2.1035160473594785,72.66374815837871,76.50328261508388,90.4131522341432,1.209512234325972,89.65748348732622,91.80816083244989,0.0,3
80,40,838.6666666666666,1.527525231651959,837.0,840.0,272.3333333333333,112.39810200058243,149.0,369.0,10.0,9.848857801796104,2.0,21.0,478.6666666666667,7.23417813807024,474.0,487.0,26.3,4.529900661162449,22.1,31.1,87.59889302667456,13.232687555431509,72.57020161428922,97.5023485593807,90.662883200575,1.6989274252061572,88.85388567719302,92.22464931001424,0.0,3
80,50,837.6666666666666,2.8867513459481207,836.0,841.0,192.66666666666666,72.23111056416988,148.0,276.0,6.0,6.082762530298219,2.0,13.0,479.6666666666667,3.214550253664313,476.0,482.0,23.599999999999998,2.2715633383201084,22.0,26.2,80.16956828837647,7.874503524225857,74.18882573627641,89.09128381739059,86.42374902805129,0.6177117828250677,85.8637029471388,87.08630198509164,0.0,3
80,60,839.3333333333334,0.577350269189634,839.0,840.0,248.66666666666666,91.41845182091706,190.0,354.0,7.666666666666667,6.027713773341708,2.0,14.0,465.0,10.14889156509222,456.0,476.0,26.299999999999997,6.4969223483123155,22.4,33.8,79.76485811395038,9.149546697108804,74.18102301561716,90.32400129126384,80.90565776293606,2.7963632980463373,77.81599074547181,83.26296649317082,0.0,3
80,70,836.3333333333334,0.577350269189634,836.0,837.0,306.6666666666667,92.14300479870045,241.0,412.0,1.3333333333333333,1.1547005383792517,0.0,2.0,383.0,3.0,380.0,386.0,24.833333333333332,4.315476026272575,22.0,29.8,81.2040297127855,12.876592276408704,72.04992320538688,95.92792381431867,71.69186744240756,1.0768355280951125,70.70918056913409,72.84299844818294,0.0,3
80,80,840.0,4.358898943540674,837.0,845.0,487.3333333333333,72.45228314783003,420.0,564.0,19.333333333333332,3.5118845842842457,16.0,23.0,333.0,7.54983443527075,325.0,340.0,26.46666666666667,1.1930353445448845,25.1,27.3,90.3209356470539,7.194624327277243,82.03707061396713,95.00674709851866,57.103892934486225,2.846553324945017,54.22965505794919,59.9219294313242,0.0,3
80,90,852.6666666666666,25.48201980482185,836.0,882.0,542.0,165.05756571572235,402.0,724.0,171.33333333333334,265.64889108244614,12.0,478.0,273.6666666666667,233.31595173355234,6.0,434.0,27.866666666666664,8.36082133126485,22.5,37.5,91.85592720130391,6.763743530639632,86.15164586749376,99.32803620109053,33.24092521635291,24.86124275198032,4.743092927011177,50.48760007034439,0.3333333333333333,3
80,100,823.0,11.532562594670797,814.0,836.0,766.3333333333334,32.00520790954705,734.0,798.0,434.6666666666667,32.00520790954705,403.0,467.0,35.666666666666664,13.503086067019396,22.0,49.0,38.56666666666666,2.638812864401974,36.8,41.6,99.7011299600772,0.48599306204574894,99.1403595772013,100.0,0.22517006802720615,0.39000599816686143,0.0,0.6755102040816184,1.0,3
90,0,843.0,4.58257569495584,838.0,847.0,133.0,58.02585630561603,99.0,200.0,1.3333333333333333,1.5275252316519468,0.0,3.0,487.3333333333333,12.662279942148391,473.0,497.0,22.433333333333334,0.9018499505645784,21.5,23.3,76.35111321363337,1.4432690186127919,75.42543746898053,78.01410473108552,97.1929887478907,0.4727488676190197,96.8585840896423,97.7338508624366,0.0,3
90,10,842.0,2.6457513110645907,840.0,845.0,162.66666666666666,88.21753416035462,103.0,264.0,0.3333333333333333,0.5773502691896258,0.0,1.0,490.3333333333333,6.658328118479385,483.0,496.0,23.766666666666666,3.1501322723551333,21.8,27.4,79.26499670461864,6.226029136818565,73.63539044819771,85.95201997904542,97.20934193789259,1.5791790877002343,96.01933117412052,99.00088916092322,0.0,3
90,20,838.0,2.0,836.0,840.0,192.33333333333334,95.05963040814609,120.0,300.0,2.6666666666666665,2.0816659994661326,1.0,5.0,488.0,8.888194417315589,478.0,495.0,23.633333333333336,2.6576932353703526,22.0,26.7,80.94943296968007,10.736111584123414,74.47533121025472,93.34227965058902,97.27152123280798,1.4073084889937544,95.91685249813168,98.7261403920093,0.0,3
90,30,839.3333333333334,1.527525231651959,838.0,841.0,255.66666666666666,120.20537980195951,119.0,345.0,2.3333333333333335,0.5773502691896258,2.0,3.0,486.3333333333333,12.220201853215574,473.0,497.0,25.2,1.7088007490635073,23.4,26.8,86.9880074455886,4.751179800131919,82.28679279156924,91.78762377131731,96.70805616547317,0.9691189384315005,95.5932261052342,97.34947696573546,0.0,3
90,40,842.0,3.605551275463989,838.0,845.0,186.0,93.2148056909416,113.0,291.0,0.0,0.0,0.0,0.0,474.6666666666667,16.441816606851372,456.0,487.0,23.46666666666667,2.7153882472555075,21.8,26.6,78.27320136071309,8.268406014338975,72.0323466528952,87.6510512994318,92.89397156380285,1.9702549369145193,90.83092853378108,94.75603182483644,0.0,3
90,50,836.6666666666666,0.5773502691896093,836.0,837.0,253.0,43.139309220245984,212.0,298.0,1.0,1.0,0.0,2.0,481.3333333333333,4.7258156262526105,476.0,485.0,26.400000000000002,2.8844410203711925,24.0,29.6,88.42013745115116,6.695924695107627,81.16735115322803,94.36670854803955,91.81794170596417,0.6391785206032139,91.08306690354182,92.2446956291068,0.0,3
90,60,838.3333333333334,2.5166114784235964,836.0,841.0,161.33333333333334,87.0765946356042,100.0,261.0,2.0,2.0,0.0,4.0,480.6666666666667,4.509249752822893,476.0,485.0,24.5,3.122498999199199,22.0,28.0,80.68098559740473,4.229924036321951,75.98217936989774,84.18501955273071,89.3420316304273,1.1020300650453576,88.40350922494748,90.55550519202264,0.0,3
90,70,838.6666666666666,1.5275252316519499,837.0,840.0,197.66666666666666,103.58249530366282,131.0,317.0,2.6666666666666665,2.516611478423583,0.0,5.0,463.0,20.663978319771825,446.0,486.0,25.53333333333333,5.51392177432119,22.3,31.9,82.76269950226805,7.718439560854364,77.04081678498041,91.5413560350112,81.94836934015656,1.2546280344886116,80.53761645925209,82.93909422845734,0.0,3
90,80,839.6666666666666,3.785938897200199,837.0,844.0,265.6666666666667,145.82980948123515,98.0,363.0,5.333333333333333,5.131601439446884,1.0,11.0,383.0,85.34635317340748,325.0,481.0,24.633333333333336,3.2020826556060866,21.5,27.9,82.66884779950084,8.172510411233358,74.57764354557742,90.9203073554164,73.2148588427098,3.3957864014482313,70.5331538908493,77.03315136789168,0.0,3
90,90,837.3333333333334,2.3094010767585114,836.0,840.0,339.3333333333333,104.61994711016315,274.0,460.0,14.0,5.5677643628300215,9.0,20.0,374.6666666666667,14.502873278538068,360.0,389.0,24.900000000000002,1.7691806012954119,23.3,26.8,87.08187763643606,8.692698658637473,78.20900157673162,95.58243461037944,61.43493553785848,4.007981210930161,57.123731697320345,65.04795108204017,0.0,3
90,100,838.6666666666666,2.516611478423585,836.0,841.0,496.0,59.80802621722272,427.0,533.0,15.666666666666666,10.115993936995679,4.0,22.0,424.0,3.605551275463989,421.0,428.0,24.866666666666664,3.0859898466024367,22.7,28.4,86.92450349681445,9.039419472724324,78.87106908732692,96.70167721064767,41.47869135259225,4.882854509293605,36.98849444520101,46.6769012092948,0.0,3
100,0,843.3333333333334,6.3508529610858995,836.0,847.0,117.0,61.02458520956943,49.0,167.0,0.0,0.0,0.0,0.0,497.0,2.6457513110645907,495.0,500.0,22.333333333333332,1.4468356276140477,21.4,24.0,77.94159523158918,2.1696756729620295,75.79813295886362,80.13656705449019,98.61774542688185,0.5856938296233791,98.08769905706632,99.246534190759,0.0,3
100,10,837.3333333333334,1.1547005383792432,836.0,838.0,164.66666666666666,51.67526810122356,105.0,195.0,0.0,0.0,0.0,0.0,498.0,1.0,497.0,499.0,24.833333333333332,4.911551010967242,21.8,30.5,82.98175647597202,10.764910365242613,76.16469163034387,95.39190071776515,98.92616303837663,0.5719870981704586,98.2667948838163,99.28892986096676,0.0,3
100,20,843.6666666666666,0.577350269189634,843.0,844.0,72.33333333333333,27.42869543622761,56.0,104.0,0.0,0.0,0.0,0.0,496.6666666666667,4.0414518843273886,492.0,499.0,21.900000000000002,0.20000000000000062,21.7,22.1,76.20463286856149,0.8130167071390018,75.65064334502073,77.1379948080171,97.74628181959302,0.26854139572317387,97.5909719694214,98.0563665599924,0.0,3
100,30,842.0,5.291502622129181,836.0,846.0,113.0,57.37595315112421,75.0,179.0,0.0,0.0,0.0,0.0,496.6666666666667,2.309401076758499,494.0,498.0,25.03333333333333,5.351946686331369,21.6,31.2,84.3658391285657,7.583778690573016,76.87595653474057,92.04014974836277,97.3832580610399,0.8948932035340426,96.78708414676132,98.412280270908,0.0,3
100,40,840.6666666666666,4.163331998932249,836.0,844.0,89.66666666666667,13.868429375143148,78.0,105.0,0.0,0.0,0.0,0.0,498.6666666666667,2.309401076758499,496.0,500.0,21.933333333333334,0.05773502691896366,21.9,22.0,76.36347309363737,3.0516349025149228,74.40086191070678,79.87925961553479,95.65672776791628,0.9191677379739972,94.59751070239956,96.24476349144092,0.0,3
100,50,839.0,1.7320508075688772,838.0,841.0,122.0,49.38623289946298,65.0,152.0,0.0,0.0,0.0,0.0,495.6666666666667,2.5166114784235822,493.0,498.0,22.0,0.5,21.5,22.5,76.67644576614599,1.7621343356221557,75.07261129014996,78.56275391474011,93.99651916992275,0.22554783068527165,93.75575822283542,94.2029080656996,0.0,3
100,60,839.3333333333334,3.2145502536643287,837.0,843.0,82.0,34.87119154832539,58.0,122.0,0.0,0.0,0.0,0.0,491.3333333333333,1.5275252316519545,490.0,493.0,21.566666666666666,0.5507570547286098,21.2,22.2,75.491299246907,3.1142628529221823,72.30961785397272,78.53345340106785,91.27764863477096,0.24992709456626264,90.99472305916991,91.46839013604338,0.0,3
100,70,840.6666666666666,3.785938897200176,838.0,845.0,92.66666666666667,6.02771377334171,87.0,99.0,0.0,0.0,0.0,0.0,487.6666666666667,15.307950004273374,470.0,497.0,22.2,0.3000000000000016,21.9,22.5,76.16217940686,3.7115024622670605,72.53432765743182,79.95202767138159,87.26017040750465,2.800240793252732,84.05177249981902,89.21219927619894,0.0,3
100,80,838.0,2.6457513110645907,836.0,841.0,144.0,48.507731342539614,88.0,173.0,0.0,0.0,0.0,0.0,472.6666666666667,11.59022576714248,462.0,485.0,22.833333333333332,2.7428695436227613,21.2,26.0,79.74472566534196,7.702057168814325,73.2643396615672,88.2598719905531,82.62619777701953,1.0055871361041926,81.98067751263264,83.78483061453217,0.0,3
100,90,839.6666666666666,1.527525231651959,838.0,841.0,197.66666666666666,94.73295801004703,92.0,275.0,0.0,0.0,0.0,0.0,434.6666666666667,43.924177093411025,384.0,462.0,24.733333333333334,3.3126021996812915,21.6,28.2,84.01192049501053,10.648642857090653,74.99925055377669,95.76204108473938,74.16652861163075,2.673411345664104,71.10285690486232,76.02633546675979,0.0,3
100,100,841.3333333333334,5.859465277082326,837.0,848.0,248.0,54.00925846556311,201.0,307.0,13.666666666666666,4.725815626252608,10.0,19.0,396.6666666666667,5.131601439446882,391.0,401.0,22.633333333333336,0.6506407098647733,22.0,23.3,79.99201811024479,0.37979974091089713,79.56089490515842,80.27720319821518,63.93355718004961,3.0750869574065822,60.540163951369294,66.53569379365642,0.0,3
