run,mexican_concentration,cos_fatigue,texian_casualties,mexican_casualties,mexican_captured,cos_remaining,battle_duration,texian_side_morale,mexican_side_morale,texian_win
1,0,0,19.0,550.0,652.0,12.0,193.0,88.64339958966713,0.0,True
2,0,0,19.0,660.0,541.0,12.0,194.0,89.3001526410424,0.0,True
3,0,0,14.0,573.0,630.0,8.0,188.0,88.82271584748116,0.0,True
4,0,0,20.0,489.0,712.0,6.0,204.0,89.9600392046554,0.0,True
5,0,0,54.0,629.0,572.0,10.0,202.0,88.84405063612274,0.0,True
6,0,0,19.0,578.0,624.0,13.0,200.0,89.68620239335928,0.0,True
7,0,0,38.0,640.0,563.0,7.0,192.0,89.50680582273495,0.0,True
8,0,0,35.0,641.0,562.0,10.0,191.0,89.54197407525407,0.0,True
9,0,0,28.0,575.0,629.0,7.0,203.0,89.36188364151309,0.0,True
10,0,0,37.0,636.0,565.0,11.0,194.0,88.74597694479824,0.0,True
1,0,100,8.0,412.0,789.0,37.0,191.0,85.76612254914879,0.0,True
2,0,100,5.0,447.0,754.0,38.0,196.0,86.89225784788624,0.0,True
3,0,100,1.0,427.0,777.0,39.0,184.0,87.13059757195342,0.0,True
4,0,100,2.0,433.0,769.0,33.0,188.0,86.20651473336335,0.0,True
5,0,100,1.0,440.0,762.0,34.0,187.0,85.39307892752149,0.0,True
6,0,100,1.0,411.0,790.0,36.0,189.0,86.4707667674895,0.0,True
7,0,100,8.0,436.0,765.0,33.0,192.0,85.55330259077755,0.0,True
8,0,100,4.0,434.0,769.0,32.0,192.0,86.20499335345878,0.0,True
9,0,100,4.0,429.0,772.0,35.0,187.0,86.38624009864233,0.0,True
10,0,100,3.0,443.0,758.0,37.0,188.0,87.0250511421448,0.0,True
1,0,50,1.0,390.0,813.0,42.0,194.0,86.85737749641318,0.0,True
2,0,50,4.0,393.0,808.0,40.0,196.0,86.6036214986359,0.0,True
3,0,50,7.0,398.0,805.0,37.0,196.0,86.85910495574772,0.0,True
4,0,50,3.0,382.0,819.0,40.0,192.0,87.33807019611936,0.0,True
5,0,50,8.0,392.0,809.0,39.0,202.0,87.36244596512134,0.0,True
6,0,50,4.0,363.0,839.0,36.0,200.0,85.50672887669441,0.0,True
7,0,50,8.0,424.0,777.0,36.0,184.0,84.9663625249289,0.0,True
8,0,50,2.0,382.0,820.0,35.0,192.0,87.85645456630628,0.0,True
9,0,50,5.0,404.0,798.0,36.0,187.0,85.8804853564213,0.0,True
10,0,50,2.0,440.0,761.0,38.0,187.0,86.41488773351935,0.0,True
1,100,0,837.0,146.0,0.0,445.0,223.0,76.23911791388275,97.88760903420766,False
2,100,0,837.0,160.0,0.0,449.0,228.0,78.54329208471707,98.13829457098494,False
3,100,0,837.0,131.0,0.0,414.0,216.0,75.823288009774,98.18175364663024,False
4,100,0,837.0,180.0,0.0,430.0,222.0,75.98260452325327,96.3902302815426,False
5,100,0,840.0,229.0,0.0,434.0,224.0,79.82137197762106,96.69056315504947,False
6,100,0,843.0,154.0,0.0,430.0,215.0,77.90412528712079,96.98900588833432,False
7,100,0,837.0,173.0,0.0,436.0,232.0,78.77052002880889,98.11824985702776,False
8,100,0,838.0,171.0,0.0,408.0,219.0,76.75457569480217,99.32316498936731,False
9,100,0,837.0,100.0,0.0,446.0,213.0,75.65359699559228,98.212895105679,False
10,100,0,836.0,153.0,0.0,433.0,228.0,76.16075465896812,97.5060358369014,False
1,100,100,836.0,135.0,226.0,270.0,279.0,87.59241681701921,82.37476359769015,False
2,100,100,838.0,186.0,170.0,309.0,250.0,74.4657628797108,77.55030611285717,False
3,100,100,838.0,186.0,212.0,277.0,242.0,77.06370114531492,75.49994175927499,False
4,100,100,839.0,127.0,171.0,326.0,252.0,85.42750799414519,78.62656925798913,False
5,100,100,837.0,121.0,136.0,358.0,240.0,87.52637453540679,73.49099271388573,False
6,100,100,838.0,352.0,220.0,275.0,288.0,89.34384973690025,74.69124372862386,False
7,100,100,836.0,185.0,178.0,321.0,273.0,93.31876766204084,77.73767407065358,False
8,100,100,836.0,174.0,155.0,339.0,249.0,84.84912439478786,70.00177597500529,False
9,100,100,836.0,195.0,235.0,259.0,283.0,90.04932334039533,77.91510776535425,False
10,100,100,839.0,174.0,170.0,329.0,259.0,90.45286936005787,70.48600179751556,False
1,100,50,836.0,171.0,39.0,398.0,231.0,82.10753070654272,86.20916866766453,False
2,100,50,838.0,207.0,66.0,348.0,239.0,75.18376924757912,95.46462593646228,False
3,100,50,837.0,167.0,48.0,384.0,244.0,77.42730381904424,94.91556068809,False
4,100,50,838.0,175.0,105.0,322.0,240.0,74.99776674824922,95.82368361544796,False
5,100,50,837.0,174.0,82.0,343.0,244.0,76.3539524325343,95.3448910249302,False
6,100,50,837.0,183.0,75.0,340.0,237.0,77.6227128722889,94.3204804492782,False
7,100,50,840.0,151.0,55.0,390.0,221.0,74.1629279739406,89.63879803036257,False
8,100,50,838.0,199.0,80.0,347.0,240.0,77.09648249283315,91.91216566775454,False
9,100,50,837.0,182.0,97.0,335.0,233.0,74.54926281569931,94.29075259334532,False
10,100,50,837.0,240.0,60.0,373.0,245.0,86.88747291744299,88.70454920539665,False
1,50,0,766.0,1089.0,127.0,15.0,448.0,97.88517978694829,46.206787242786646,True
2,50,0,717.0,1101.0,113.0,16.0,434.0,99.49802993998648,56.461927951128615,True
3,50,0,647.0,1084.0,122.0,15.0,334.0,97.687958853043,33.08878167921575,True
4,50,0,651.0,1100.0,113.0,10.0,361.0,98.72051461977088,47.00248776969608,True
5,50,0,667.0,1081.0,122.0,25.0,386.0,98.58258861146624,57.398306712305086,True
6,50,0,662.0,1063.0,142.0,28.0,334.0,98.59362272561276,53.98214332219023,True
7,50,0,658.0,1063.0,141.0,24.0,323.0,96.97443456968952,53.73669628873113,True
8,50,0,735.0,1013.0,142.0,78.0,0.0,99.55102086949364,96.61339077258064,False
9,50,0,635.0,1071.0,136.0,16.0,348.0,97.62381693614304,36.45489792588264,True
10,50,0,679.0,1096.0,111.0,19.0,350.0,98.95139252800452,31.377171112292697,True
1,50,100,351.0,774.0,429.0,46.0,256.0,97.70205546997522,0.0,True
2,50,100,338.0,688.0,515.0,35.0,248.0,95.95076514579178,5.786086108016487,True
3,50,100,312.0,632.0,572.0,9.0,298.0,96.4759196337639,42.26337591835182,True
4,50,100,333.0,700.0,502.0,46.0,240.0,93.84715558654672,0.0,True
5,50,100,349.0,642.0,559.0,14.0,269.0,96.54968339284012,11.957955764212835,True
6,50,100,405.0,755.0,447.0,48.0,248.0,94.96986393074316,0.0,True
7,50,100,353.0,739.0,464.0,46.0,257.0,98.29472865353232,0.0,True
8,50,100,410.0,709.0,492.0,47.0,242.0,94.01697843977291,0.0,True
9,50,100,403.0,749.0,453.0,48.0,246.0,95.72443331069196,0.0,True
10,50,100,350.0,654.0,547.0,37.0,254.0,95.77717011670852,0.0073159900793773,True
1,50,50,552.0,863.0,340.0,27.0,297.0,94.84196143218642,20.949158331670525,True
2,50,50,634.0,830.0,371.0,36.0,269.0,93.14781838783088,5.637414517073138,True
3,50,50,602.0,798.0,406.0,14.0,370.0,99.0083935135806,14.454272774256898,True
4,50,50,493.0,961.0,242.0,35.0,279.0,95.98286285563722,16.28277817934261,True
5,50,50,472.0,891.0,310.0,44.0,240.0,93.565389225408,1.0960035452832246,True
6,50,50,565.0,910.0,295.0,24.0,312.0,97.59717122611866,32.86156931059254,True
7,50,50,608.0,884.0,319.0,17.0,311.0,98.79512613672853,28.897522090120106,True
8,50,50,564.0,877.0,325.0,32.0,324.0,98.49663723275488,73.86638654370931,True
9,50,50,483.0,929.0,276.0,34.0,274.0,96.40522137110725,13.257201477634885,True
10,50,50,640.0,897.0,304.0,28.0,295.0,98.99540694051952,17.155222649519107,True
